Word,Root Word
ad,ada
ak,aku
akn,akan
ank,anak
ap,apa
awl,awal
bg,bagi
bkn,bukan
blm,belum
bnjr,banjir
bnr,benar
br,baru
brp,berapa
bt,buat
byr,bayar
ddk,duduk
dgn,dengan
dkt,dekat
dlm,dalam
dn,dan
dpt,dapat
drpd,daripada
dtg,datang
dtk,datuk
empt,empat
fhm,faham
grk,gerak
igt,ingat
jd,jadi
jgn,jangan
jln,jalan
kjt,kejut
klr,keluar
knp,kenapa
kpd,kepada
krn,kerana
kwl,kawal
lg,lagi
lps,lepas
lrg,lorong
mdh,mudah
mjls,majlis
mkn,makan
mmg,memang
mrh,marah
msk,masuk
nk,nak
org,orang
pd,pada
pg,pagi
phm,faham
pkl,pukul
plg,pulang
pny,punya
rmh,rumah
sbb,sebab
sdh,sudah
sklh,sekolah
skt,sakit
slh,salah
slmt,selamat
smbln,sembilan
smlm,semalam
smn,saman
sy,saya
tgh,tengah
tgk,tengok
tk,tidak
tkr,tukar
tmpt,tempat
tny,tanya
ttg,tentang
utk,untuk
yg,yang
ade,ada
harge,harga
cinte,cinta
kene,kena
kenape,kenapa
kerje,kerja
istimewe,istimewa
cite,cerita
betol,betul
btol,betul
bolat,bulat
kalo,kalau
pulak,pula
jdi,jadi
btul,betul
bgi,bagi
bnar,benar
hrga,harga
slimut,selimut
dtang,datang
klau,kalau
knapa,kenapa
krja,kerja
lbih,lebih
skit,sakit
prnah,pernah
slah,salah
sya,saya
sbab,sebab
smalam,semalam
sndiri,sendiri
tman,taman
tngah,tengah
mlas,malas
bwang,bawang
rmai,ramai
tngok,tengok
x,tidak
k,okay
besaq,besar
beso,besar
besar,besar
besa,besar
godang,besar
besau,besar
pikiaq,fikir
pikior,fikir
pikir,fikir
fikir,fikir
ghaya,raya
raye,raya
rayo,raya
raya,raya
ghayo,raya
panaih,panas
paneh,panas
panah,panas
panas,panas
suka,suka
gemor,suka
suke,suka
suko,suka
pinggan,pinggan
pinggang,pinggan
pingge,pinggan
semut,semut
semuk,semut
somut,semut
demam,demam
dedor,demam
demang,demam
deme,demam
domam,demam
lemah,lemah
lemoh,lemah
lomah,lemah
kedekut,kedekut
kedekuk,kedekut
kodokut,kedekut
pengabadian,abadi
pengabdian,abdi
pengacaraan,acara
pengadangan,adang
pengadilan,adil
pengairan,air
pengakaran,akar
pengaktifan,aktif
pengalaman,alam
pengaman,aman
pengamatan,amat
pengambilalihan,ambilalih
penganugerahan,anugerah
pengarangan,arang
pengasidan,asid
pengasingan,asing
pengauditan,audit
pengawetan,awet
pengebumian,kebumi
pengecapan,cap
pengecatan,cat
penggajian,gaji
penggaraman,garam
penggelapan,gelap
penggeledahan,geledah
penggemblengan,gembleng
penggemukan,gemuk
penggerudian,gerudi
penggredan,gred
penggubalan,gubal
penghabisan,habis
penghakiman,hakim
penghamilan,hamil
pengharaman,haram
penghargaan,harga
penghilangan,hilang
penghindaran,hindar
pengiklanan,iklan
pengiktirafan,iktiraf
pengimejan,imej
pengimportan,import
penginapan,inap
pengindustrian,industri
pengingkaran,ingkar
pengintaian,intai
pengislaman,islam
pengisytiharan,isytihar
pengizinan,izin
pengabulan,kabul
pengapuran,kapur
pengasian,kasi
pengecualian,kecuali
pengecutan,kecut
pengekalan,kekal
pengelaman,kelam
pengelamunan,kelamun
pengelasan,kelas
pengembalian,kembali
pengembaraan,kembara
pengenaan,kena
pengencingan,kencing
pengenduran,kendur
pengeringan,kering
pengerjaan,kerja
pengerukan,keruk
pengerusikan,kerusi
pengesanan,kesan
pengetaman,ketam
pengkhianatan,khianat
pengkhususan,khusus
pengklorinan,klorin
pengkodan,kod
pengkomersialan,komersial
pengkomputeran,komputer
pengontangan,kontang
pengorbanan,korban
pengorekan,korek
pengkorporatan,korporat
pengosongan,kosong
penguasaan,kuasa
penguatan,kuat
penguatkuasaan,kuat kuasa
pengukuhan,kukuh
penguncupan,kuncup
pengurangan,kurang
pengurasan,kuras
penglibatan,libat
pengemukaan,kemuka
pengeraman,eram
pengoksidaan,oksida
pengoksigenan,oksigen
penganan,penganan
pengawinan,pengawinan
pengerawan,pengerawan
penggalan,penggal
pengklonan,klon
pengsan,pengsan
pengetahuan,tahu
pengudaraan,udara
pengumuman,umum
pengunduran,undur
pengusulan,usul
pengutamaan,utama
pengutaraan,utara
pengewapan,wap
pengajaran,ajar
pengabai,abai
pengampun,ampun
penganggur,anggur
penganiaya,aniaya
penganjur,anjur
pengantara,antara
penganut,anut
pengawas,awas
pengebom,bom
pengeksport,eksport
penggempur,gempur
penggoreng,goreng
penghadam,hadam
pengantar,antar
penghapus,hapus
penghasil,hasil
penghayat,hayat
penghebah,hebah
penghidap,hidap
penghidup,hidup
penghijrah,hijrah
penghormat,hormat
penghuni,huni
pengirit,irit
pengapit,apit
pengasih,kasih
pengawal,awal
pengecoh,kecoh
pengejut,kejut
pengendali,kendali
pengerusi,kerusi
pengumpul,kumpul
pengelap,lap
penglihat,lihat
penglipur,lipur
pengepam,pam
pengantin,pengantin
pengap,pengap
pengapuh,pengapuh
pengaruh,pengaruh
pengat,pengat
pengembar,pengembar
pengeng,pengeng
pengerek,pengerek
pengerih,pengerih
pengestu,restu
penget,penget
pengetus,ketus
pengetut,tut
pengga,pengga
penggah,penggah
penggal,penggal
penggawa,penggawa
penggehi,penggehi
penghulu,penghulu
pengilar,pengilar
pengkar,pengkar
pengki,pengki
pengkilai,pengkilai
pengkis,pengkis
pengorak,pengorak
pengulun,pengulun
pengepos,pos
pengesah,sah
pengusaha,usaha
pencabar,cabar
pengecam,kecam
pencari,cari
pencatat,catat
penceroboh,ceroboh
pencerut,cerut
pencinta,cinta
penculik,culik
pendaftar,daftar
pendamai,damai
pendapat,dapat
pendarah,pendarah
pendaulat,daulat
pendayang,dayang
pendengar,dengar
penderas,deras
penderhaka,derhaka
pendiayah,diayah
pendikit,dikit
pendinding,dinding
pendingin,dingin
pendiri,diri
pendua,dua
penduduk,duduk
penjual,jual
pencaus,pencaus
pencen,pencen
pencolam,pencolam
pencong,pencong
pencong-mencong,pencong
pencuk,pencuk
pendaga,pendaga
pendakwa,dakwa
pendam,pendam
pendap,pendap
pendapa,pendapa
pendar,pendar
pendawa,pendawa
pendek,pendek
pendekar,pendekar
pendeta,pendeta
pendiat,diat
pendipun,pendipun
pendongkok,dongkok
penduk,penduk
penes,penes
peni,peni
peniaram,peniaram
peniau,peniau
pening,pening
penisilin,penisilin
peniti,peniti
penjan,penjan
penjara,penjara
penjong,penjong
penjul,penjul
penjuru,penjuru
pensel,pensel
pensi,pensi
pentagon,pentagon
pentakwil,takwil
pental,pental
pentan,pentan
pentang,pentang
pentar,pentar
pentas,pentas
pentil,pentil
penting,penting
pentopan,pentopan
pentung,pentung
penubal,penubal
penuh,penuh
penujuh,penujuh
penyangak,penyangak
penyap,penyap
penyek,penyek
penyet,penyet
penyu,penyu
penyum,penyum
penstabil,stabil
penyudah,sudah
penyunting,sunting
penyair,penyair
penabalan,tabal
penabur,tabur
pentakrif,takrif
penamat,tamat
penambakan,tambak
penampilan,tampil
penandatangan,tandatangan
penangasan,tangas
penarafan,taraf
penataan,tata
pentauliahan,tauliah
penawar,tawar
penegakan,tegak
peneguhan,teguh
penelitian,teliti
penemuan,temu
penenang,tenang
penenggelaman,tenggelam
penentuan,tentu
penerapan,terap
penerbangan,terbang
penerimaan,terima
penerokaan,teroka
penetap,tetap
penirusan,tirus
penubuhan,tubuh
penundaan,tunda
penundukan,tunduk
penunggang,tunggang
penungguan,tunggu
penutupannya,tutup
penzahiran,zahir
penzinaan,zina
penzonan,zon
pencabulan,cabul
pencahayaan,cahaya
pencalonan,calon
pencederaan,cedera
pencemaran,cemar
pencerahan,cerah
pencergasan,cergas
pencernaan,cerna
pencopetan,copet
pendahuluan,dahulu
pendakian,daki
pendalangan,dalang
pendebungaan,pendebungaan
pendefinisian,definisi
pendekatan,dekat
pendemokrasian,demokrasi
pendermaan,derma
pendewaan,dewa
pendewasaan,dewasa
pendiangan,diang
pendidihan,didih
pendudukan,duduk
pendulangan,dulang
pendupaan,dupa
pendurjanaan,durjana
pendustaan,dusta
penjabaran,jabar
penjadualan,jadual
penjalaan,jala
penjaliran,jalir
penjangkauan,jangkau
penjaraan,jara
penjatian,jati
penjelajahan,jelajah
penjelasan,jelas
penjenamaan,jenama
penjenisan,jenis
penjilidan,jilid
penjimatan,jimat
penjiwaan,jiwa
penjudian,judi
penjumlahan,jumlah
penafian,nafi
penaiktarafan,naik taraf
penobatan,nobat
penomboran,nombor
penormalan,normal
penakan,anak
penampan,tampan
pendekkan,pendek
penyalahgunaan,salah guna
penyamaan,sama
penyaruan,saru
penyeberangan,seberang
penyegan,segan
pensejarahan,sejarah
penyelongkaran,selongkar
penyempurnaan,sempurna
penyerobotan,serobot
penyertaan,serta
penyingkiran,singkir
penyisihan,sisih
penyitaan,sita
penstrukturan,struktur
penyuaraan,suara
penyucian,suci
penswastaan,swasta
penaakulan,taakul
penajakan,tajak
penindakbalasan,tindak balas
keabadian,abadi
keadaan,ada
keadilan,adil
keagamaan,agama
keagungan,agung
keahlian,ahli
keaiban,aib
keajaiban,ajaib
keakraban,akrab
keaktifan,aktif
keakuran,akur
kealiman,alim
kealpaan,alpa
keamanan,aman
keampuhan,ampuh
keanehan,aneh
keanggotaan,anggota
keanggunan,anggun
keberangkatan,berangkat
keangkuhan,angkuh
keanjalan,anjal
keantikan,antik
kearifan,arif
keasidan,asid
keaslian,asli
keasyikan,asyik
keayuan,ayu
keazaban,azab
keazaman,azam
kebaculan,bacul
kepelbagaian,pelbagai
kebagusan,bagus
kebahagiaan,bahagia
kebahasaan,bahasa
kebaikan,baik
kebakaran,bakar
kebakhilan,bakhil
kebaktian,bakti
kebalighan,baligh
kebangatan,bangat
kebanggaan,bangga
kebangsaan,bangsa
kebangsawanan,bangsawan
kebanjiran,banjir
kebanyakan,banyak
kebapaan,bapa
kebaratan,barat
kebatasan,batas
kebatinan,batin
kebebasan,bebas
kebelakangkan,belakang
kesebelasan,sebelas
kebenaran,benar
kebencian,benci
kebendaan,benda
kebengisan,bengis
kebeningan,bening
kebenuaan,benua
keberahian,berahi
keberanian,berani
keberatan,berat
keberkatan,berkat
kebersihan,bersih
kebetulan,betul
kebiadaban,biadab
kebiaran,biar
kebiasaan,biasa
kebidanan,bidan
kebijakan,bijak
kebijaksanaan,bijaksana
kebimbangan,bimbang
kebinasaan,binasa
kebinatangan,binatang
kebingitan,bingit
kebingungan,bingung
kebirahan,birah
kebisaan,bisa
kebisingan,bising
kebisuan,bisu
kebodohan,bodoh
kebogelan,bogel
kebohongan,bohong
kebolehan,boleh
kebolehpercayaan,bolehpercaya
kebombaan,bomba
kebongkakan,bongkak
keborosan,boros
kebosanan,bosan
kebotakan,botak
kebuasan,buas
kebuayaan,buaya
kebudayaan,budaya
kebumikan,bumi
kebuntuan,buntu
keburukan,buruk
kebusukan,busuk
kebutaan,buta
kebutuhan,butuh
kecabaian,cabai
kecacatan,cacat
kecanduan,candu
kecanggihan,canggih
kecanggungan,canggung
kecantikan,cantik
kecapaian,capai
kecapikan,capik
kecederaan,cedera
kecekalan,cekal
kecekapan,cekap
kecelakaan,celaka
kecelaruan,celaru
kecemasan,cemas
kecemerlangan,cemerlang
kecenderungan,cenderung
kecerahan,cerah
kecerdasan,cerdas
kecerdikan,cerdik
kecergasan,cergas
keceriaan,ceria
kecermatan,cermat
kecerunan,cerun
kecetekan,cetek
keciciran,cicir
kecocokan,cocok
kecondongan,condong
kecuaian,cuai
kecukupan,cukup
kecurangan,curang
kecurigaan,curiga
kedaerahan,daerah
kedahagaan,dahaga
kedahsyatan,dahsyat
kedaifan,daif
kedamaian,damai
kedangkalan,dangkal
kedapuran,dapur
kedaraan,dara
kedatangan,datang
kedaulatan,daulat
kedegilan,degil
kedengaran,dengar
kedengkian,dengki
kedermawanan,derma
kedesaan,desa
kedewasaan,dewasa
kediaman,diam
kedinamikan,dinamik
kedinginan,dingin
kedoktoran,doktor
kedongkolan,dongkol
kedudukan,duduk
kedukaan,duka
keduniaan,dunia
kedurjanaan,durjana
kedutaan,duta
keegoan,ego
keemasan,emas
keenakan,enak
keengganan,enggan
keeratan,erat
keesaan,esa
keesokan,esok
kefanatikan,fanatik
kefasihan,fasih
kegadisan,gadis
kegagahan,gagah
kegagalan,gagal
keganasan,ganas
keganjilan,ganjil
kegatalan,gatal
kegawatan,gawat
kegelapan,gelap
kegelian,geli
kegelisahan,gelisah
kegelojohan,gelojoh
kegemaran,gemar
kegembiraan,gembira
kegemilangan,gemilang
kegemparan,gempar
kegemukan,gemuk
kegenitan,genit
kegentingan,genting
kegeraman,geram
kegeringan,gering
kegetiran,getir
keghaiban,ghaib
keghairahan,ghairah
kegiatan,giat
kegigihan,gigih
kegilaan,gila
kegirangan,girang
kegopohan,gopoh
kegugupan,gugup
keguguran,gugur
kepenggunaan,guna
kegundahan,gundah
kegusaran,gusar
kehadiran,hadir
kehairanan,hairan
kehaiwanan,haiwan
kehakiman,hakim
kehalusan,halus
kehamilan,hamil
kehamisan,hamis
kehampaan,hampa
kehancingan,hancing
kehangatan,hangat
kehangitan,hangit
kehangusan,hangus
kehanyiran,hanyir
keharmonian,harmoni
keterharuan,terharu
keharusan,harus
kehausan,haus
kehebatan,hebat
kehebohan,heboh
keheningan,hening
kehibaan,hiba
kehidupan,hidup
kehilangan,hilang
kehinaan,hina
kehingaran,hingar
kehoranan,horan
kehujanan,hujan
kehukuman,hukum
kehutanan,hutan
keibuan,ibu
keibubapaan,ibu bapa
keikhlasan,ikhlas
keikliman,iklim
keikraban,ikrab
keilmuan,ilmu
keimaman,imam
keimanan,iman
keindahan,indah
keinderaan,indera
keinginan,ingin
keingkaran,ingkar
keinsafan,insaf
keinsanan,insan
keintelektualan,intelektual
keintiman,intim
keislaman,islam
keistimewaan,istimewa
keizinan,izin
kejaguhan,jaguh
kejahatan,jahat
kejahilan,jahil
kejaksaan,jaksa
kejalangan,jalang
kejanggalan,janggal
kejantanan,jantan
kejasmanian,jasmani
kejatian,jati
kejayaan,jaya
kejelasan,jelas
kejelikan,jelik
kejelitaan,jelita
kejemawaan,jemawa
kejemuan,jemu
kejenakaan,jenaka
kejengkelan,jengkel
kejenuhan,jenuh
kejerihan,jerih
kejernihan,jernih
kejijikan,jijik
kejiranan,jiran
kejituan,jitu
kejiwaan,jiwa
kejohanan,johan
kejuaraan,juara
kejujuran,jujur
kejuruan,juru
kejurulatihan,jurulatih
kejururawatan,jururawat
kejuruteraan,jurutera
kekaburan,kabur
kekacakan,kacak
kekafiran,kafir
kekaguman,kagum
kekaisaran,kaisar
kekalahan,kalah
kekalutan,kalut
kekananan,kanan
kekandasan,kandas
kekaraman,karam
kekariban,karib
kekarutan,karut
kekasaran,kasar
kekayaan,kaya
kebajikan,kebajikan
kebalkan,balk
kekebalan,kebal
keban,keban
kebayan,kebayan
kecaman,kecaman
kecapan,kecap
kecewakan,kecewa
kekecewaan,kecewa
kecilkan,kecil
kecilan,kecil
kecindan,kecindan
kekecohan,kecoh
kecualian,kecuali
kecutkan,kecut
kekecutan,kecut
kedaian,kedai
kedayan,kedayan
kedipan,kedip
kedutan,kedut
kekejaman,kejam
kejan,kejan
kekejangan,kejang
kejapan,kejap
kejarkan,kejar
kejaran,kejar
kekejian,keji
kekejutan,kejut
kekalkan,kekal
kekekalan,kekal
kekangan,kekang
kelabangan,kelabang
kelabuan,labu
keladan,keladan
kekelaman,kelam
kelapan,lapan
kelapan-lapan,lapan
kelaran,kelar
kelaskan,kelas
kelekan,kelek
kelempayan,kelempayan
kelindan,kelindan
kelipkan,kelip
kelipan,kelipan
kelirukan,keliru
kekeliruan,keliru
kelodan,kelodan
kelolaan,kelola
kelompokan,kelompok
keluan,keluan
keluarkan,luar
keluaran,luar
kekeluargaan,keluarga
keluhan,keluh
keman,keman
kemanakan,mana
kemantan,mantan
kemaskan,kemas
kemasan,kemas
kembalikan,kembali
kemban,kemban
kembangkan,kembang
kembangan,kembang
kembaran,kembar
kemburan,kembur
kemenyan,kemenyan
kempaan,kempaan
kempiskan,kempis
kempunan,kempunan
kemudikan,kemudi
kemudian,kemudian
kemudiankan,kemudian
kemutan,kemut
kenalkan,kenal
kenalan,kenal
kenan,kenan
kenangan,kenang
kekencangan,kencang
kendalikan,kendali
kendalian,kendali
kenderaan,kenderaan
kendurkan,kendur
kekenduran,kendur
kenerian,kenerian
kentalan,kental
kekenyalan,kenyal
kekenyangan,kenyang
kenyitan,kenyit
kenyutan,kenyut
kepalan,kepalan
kepangan,kepang
kepingan,keping
kepitan,kepit
kepulan,kepulan
kepundan,kepundan
kepungan,kepung
kerahkan,kerah
kerahan,kerah
keran,keran
kerangan,kerangan
kekerapan,kerap
keraskan,keras
kerasan,keras
keratan,kerat
kerdan,kerdan
kekerdilan,kerdil
kerdipkan,kerdip
kerdipan,kerdip
kerenan,kerenan
keretan,keretan
kerian,kerian
kerikan,kerik
kerinan,kerinan
keringkan,kering
kekeringan,kering
keringatan,kering
kekontangan,kontang
kerisikan,risik
kerjakan,kerja
kerlingan,kerling
kerlipan,kerlip
kerman,kerman
keroncongan,keroncong
keroyokan,keroyok
keruan,keruan
kerubian,kerubian
keruhkan,keruh
kekeruhan,keruh
kerumunan,kerumun
kerutkan,kerut
kerutan,kerut
kesalan,kesal
kesalkan,kesal
kesan,kesan
keberkesanan,kesan
kesatkan,kesat
kesembilan,sembilan
kesian,kesian
kesimbukan,simbukan
kesinambungan,sinambung
kesinan,kesinan
kesmaran,kesmaran
ketaban,ketaban
ketan,ketan
ketatkan,ketat
ketawakan,ketawa
ketemukan,temu
ketengan,ketengan
ketidakadilan,tidak adil
ketidakaktifan,tidak aktif
ketidakakuran,tidak akur
ketidakbenaran,tidak benar
ketidakberhasilan,tidak hasil
ketidakcekapan,tidak cekap
ketidakfahaman,tidak faham
ketidakfungsian,tidak fungsi
ketidakhadiran,tidak hadir
ketidakharmonian,tidak harmoni
ketidakmampuan,tidak mampu
ketidaknormalan,tidak normal
ketidakpastian,tidak pasti
ketidakpatuhan,tidak patuh
ketidakpercayaan,tidak percaya
ketidakpuasan,tidak puas
ketidaksamaan,tidak sama
ketidaksefahaman,tidak faham
ketidakseimbangan,tidak imbang
ketidaksehaluan,tidak haluan
ketidakselarasan,tidak selaras
ketidakselesaan,tidak selesa
ketidaksenangan,tidak senang
ketidakseragaman,tidak seragam
ketidakserasian,tidak serasi
ketidakseriusan,tidak serius
ketidaksetujuan,tidak setuju
ketidakstabilan,tidak stabil
ketidaksuburan,tidak subur
ketidaktahuan,tidak tahu
ketidaktelusan,tidak telus
ketidaktenteraman,tidak tenteram
ketidaktentuan,tidak tentu
ketidakupayaan,tidak upaya
ketikan,ketik
ketuban,ketuban
ketukan,ketuk
ketulan,ketul
ketumbukan,tumbuk
kekhilafan,khilaf
kekhuatiran,khuatir
kekhusyukkan,khusyuk
kekitaan,kita
kekolotan,kolot
kekosongan,kosong
kekotaan,kota
kekuasaan,kuasa
kekuatan,kuat
kekudusan,kudus
kekukuhan,kukuh
kekunoan,kuno
kekurangan,kurang
kekurusan,kurus
kekusaman,kusam
kekusutan,kusut
kelahiran,lahir
kelainan,lain
kelajuan,laju
kelakian,laki
kelelakian,lelaki
kelakuan,laku
kelalaian,lalai
keterlaluan,terlalu
kelaluan,lalu
kelamaan,lama
kelambatan,lambat
kelampauan,lampau
kelancangan,lancang
kelangkahan,langkah
kelangsungan,langsung
keterlanjuran,lanjur
kelantangan,lantang
kelaparan,lapar
kelapukan,lapuk
keselarasan,selaras
kelasakan,lasak
kelatahan,latah
kelayakan,layak
kelazatan,lazat
kelaziman,lazim
kelebaran,lebar
kelebatan,lebat
kelegaan,lega
kelekaan,leka
kelemahan,lemah
kelemasan,lemas
kelembaman,lembam
kelembapan,lembap
kelembikan,lembik
kelembutan,lembut
kelenaan,lena
kelengahan,lengah
kelengkapan,lengkap
kelenguhan,lenguh
kelenyapan,lenyap
kelesuan,lesu
keletihan,letih
kelewatan,lewat
keliaran,liar
keliatan,liat
kelicikan,licik
kelicinan,licin
kelihatan,lihat
kelikatan,likat
kelincahan,lincah
kelonggaran,longgar
keluarbiasaan,luarbiasa
keluasan,luas
kelucahan,lucah
kelucuan,lucu
keluhuran,luhur
kelukaan,luka
kelumpuhan,lumpuh
kelunakan,lunak
kelunturan,luntur
kelurusan,lurus
kelusuhan,lusuh
kemaafan,maaf
kemahiran,mahir
kemahkotaan,mahkota
kemahuan,mahu
kemajuan,maju
kemakmuran,makmur
kemalangan,malang
kemalaran,malar
kemalasan,malas
kemaluan,malu
kemampuan,mampu
kemancungan,mancung
kemandulan,mandul
kemangkatan,mangkat
kemantapan,mantap
kemanusiaan,manusia
kemapanan,mapan
kemaraan,mara
kemasinan,masin
kemaslahatan,maslahat
kemasukan,masuk
kemasyarakatan,masyarakat
kemasyhuran,masyhur
kematangan,matang
kematian,mati
kemegahan,megah
kemelaratan,melarat
kemelayuan,melayu
kemelesetan,meleset
kemenangan,menang
kemengkalan,mengkal
kementerian,menteri
kemerdekaan,merdeka
kemerduan,merdu
kemeriahan,meriah
kemesraan,mesra
kemestian,mesti
kemewahan,mewah
kemiskinan,miskin
ketermiskinan,miskin
kemodenan,moden
kemuafakatan,muafakat
kemualan,mual
kemudahan,mudah
kemudaratan,mudarat
kemuflisan,muflis
kemujaraban,mujarab
kemujuran,mujur
kemuliaan,mulia
kemunafikan,munafik
kemunasabahan,munasabah
kemunculan,muncul
kemunduran,mundur
kemungkaran,mungkar
kemungkinan,mungkin
kemuraman,muram
kemurkaan,murka
kemurnian,murni
kemurungan,murung
kemusnahan,musnah
kemustahilan,mustahil
kemustajaban,mustajab
kemusykilan,musykil
kemusyrikan,musyrik
kenabian,nabi
kenahasan,nahas
kenaifan,naif
kenaikan,naik
kenajisan,najis
kenakalan,nakal
kenamaan,nama
kenampakan,nampak
kenegaraan,negara
kenegerian,negeri
kenekatan,nekat
kenerakaan,neraka
kenestapaan,nestapa
keneutralan,neutral
kengerian,ngeri
kengiluan,ngilu
kenikmatan,nikmat
kenyamanan,nyaman
kenyaringan,nyaring
kenyataan,nyata
keobjektifan,objektif
keolahragaan,olahraga
keonaran,onar
keseorangan,seorang
kepagian,pagi
kepahitan,pahit
kepahlawanan,pahlawan
kepakaran,pakar
kepalsuan,palsu
kepanasan,panas
kepandaian,pandai
kepangkatan,pangkat
kepanjangan,panjang
kepantasan,pantas
kepapaan,papa
kepartian,parti
kepasifan,pasif
kepasrahan,pasrah
kepastian,pasti
kepatuhan,patuh
kepayahan,payah
kepedasan,pedas
kepedihan,pedih
kepekaan,peka
kepekatan,pekat
kepelikan,pelik
kepenatan,penat
kepencilan,pencil
kependekan,pendek
kepeningan,pening
kepenjaraan,penjara
kepentingan,penting
keperawanan,perawan
kepercayaan,percaya
keperempuanan,perempuan
kepergian,pergi
keperibadian,peribadi
keperihan,perih
keperitan,perit
keperkasaan,perkasa
keperluan,perlu
kepermaian,permai
kepesatan,pesat
keterpersonaan,persona
kepetahan,petah
kepetangan,petang
kepiawaian,piawai
kepiluan,pilu
kepincangan,pincang
kepintaran,pintar
kepolisan,polis
kepolitikan,politik
kepopularan,popular
keprihatinan,prihatin
kepuasan,puas
kepucatan,pucat
kepudaran,pudar
kepuitisan,puitis
kepulangan,pulang
kepulauan,pulau
kepunyaan,punya
kepupusan,pupus
kepustakaan,pustaka
keputeraan,putera
keputusan,putus
kerabunan,rabun
kemeracauan,meracau
keracunan,racun
keradangan,radang
kemeradangan,meradang
keradikalan,radikal
keragaman,ragam
keraguan,ragu
keragu-raguan,ragu-ragu
kerahiman,rahim
kerahsiaan,rahsia
keraian,rai
kerajaan,raja
kerajinan,rajin
kerakusan,rakus
kerakyatan,rakyat
keramahan,ramah
keramaian,ramai
keranjingan,ranjing
kerapian,rapi
kerapuhan,rapuh
kerasaan,rasa
keserasian,serasi
kerasukan,rasuk
kerasulan,rasul
kerecokan,recok
keredaan,reda
keredhaan,redha
keredupan,redup
kerehatan,rehat
kerelaan,rela
kerelatifan,relatif
kerelevanan,relevan
keremajaan,remaja
keremehan,remeh
keresahan,resah
keresidenan,residen
kerevolusioneran,revolusioner
kerewelan,rewel
keriaan,ria
keriangan,riang
keributan,ribut
kericuan,ricu
keringanan,ringan
keriuhan,riuh
kerohanian,rohani
kerongakan,rongak
kerosakan,rosak
kemerosotan,merosot
keroyalan,royal
kerugian,rugi
kerukunan,rukun
kerumitan,rumit
keruncingan,runcing
kerungkuhan,rungkuh
kerunsingan,runsing
keruwatan,ruwat
kesabaran,sabar
kesahajaan,sahaja
kesahihan,sahih
kesakitan,sakit
kesaksian,saksi
kesalahan,salah
kesamaan,sama
kesaksamaan,saksama
kesampingkan,samping
kesanakan,sanak
kesangatan,sangat
kesanggupan,sanggup
kesangsian,sangsi
kesarjanaan,sarjana
kesusasteraan,sastera
kesayangan,sayang
kesayuan,sayu
kesebalan,sebal
keseberangan,seberang
kesedakan,sedak
kesedaran,sedar
kesederhanaan,sederhana
kesedihan,sedih
keseganan,segan
kesegaran,segar
kesejahteraan,sejahtera
keselapan,selap
keselesaan,selesa
keseluruhan,seluruh
kesemanan,seman
kesempatan,sempat
kesempurnaan,sempurna
kesenangan,senang
kesendalan,sendal
kesenduan,sendu
kesengajaan,sengaja
kesenggangan,senggang
kesengitan,sengit
kesengsaraan,sengsara
kesenian,seni
kesenimanan,seniman
kesentosaan,sentosa
kesepian,sepi
keserakahan,serakah
keseriusan,serius
keserongan,serong
keseronokan,seronok
kesesakan,sesak
kesesatan,sesat
kesetiaan,setia
kesetiausahaan,setiausaha
kesiangan,siang
kesibukan,sibuk
kesihatan,sihat
kesilapan,silap
kesilauan,silau
kesisiran,sisir
kesombongan,sombong
kesopanan,sopan
kesosialan,sosial
kespontanan,spontan
kestabilan,stabil
kesuburan,subur
kesucian,suci
kesudahan,sudah
kesudian,sudi
kesukanan,sukan
kesukaran,sukar
kesukarelawan,sukarelawan
kesulitan,sulit
kesultanan,sultan
kesungguhan,sungguh
kesuntukan,suntuk
kesunyian,sunyi
kesuraman,suram
kesusahan,susah
kesusilaan,susila
kesyukuran,syukur
kesyumulan,syumul
ketaatan,taat
ketabahan,tabah
ketabiban,tabib
ketahuan,tahu
ketajaman,tajam
ketakburan,takbur
ketakdiran,takdir
ketakjuban,takjub
ketakutan,takut
ketakwaan,takwa
ketamadunan,tamadun
ketamakan,tamak
ketampanan,tampan
ketandusan,tandus
ketangkasan,tangkas
kesetaraan,setara
ketatanegaraan,tatanegara
keteduhan,teduh
ketegapan,tegap
ketegaran,tegar
ketegasan,tegas
keteguhan,teguh
ketekunan,tekun
ketekuran,tekur
ketelanjuran,telanjur
ketelitian,teliti
keteloran,telor
ketelusan,telus
ketempangan,tempang
ketempuhan,tempuh
ketenangan,tenang
ketengahkan,tengah
ketenteraan,tentera
ketenteraman,tenteram
ketentuan,tentu
ketepikan,tepi
ketepuan,tepu
ketertiban,tertib
ketewasan,tewas
ketiadaan,tiada
ketibaan,tiba
ketiduran,tidur
ketimuran,timur
ketinggalan,tinggal
ketinggian,tinggi
ketokohan,tokoh
ketoksikan,toksik
ketololan,tolol
ketuhanan,tuhan
ketulahan,tulah
ketulenan,tulen
ketulusan,tulus
ketumpatan,tumpat
ketumpulan,tumpul
keulungan,ulung
keunggulan,unggul
keunikan,unik
keuntungan,untung
keberuntungan,untung
keupayaan,upaya
keusahawanan,usaha
keusangan,usang
keutamaan,utama
keutuhan,utuh
keuzuran,uzur
kewajaran,wajar
kewajipan,kewajipan
kewangan,wang
kewanitaan,wanita
kewarasan,waras
kewargaan,warga
kewarganegaraan,warganegara
kewartawanan,wartawan
kewaspadaan,waspada
kewibawaan,wibawa
keperwiraan,wira
kewujudan,wujud
keyakinan,yakin
keyatiman,yatim
kezaliman,zalim
pedamaran,damar
pelayan,layan
pelayaran,layar
pelebuan,lebu
perlembagaan,lembaga
pelembungan,lembung
pelembutan,lembut
perlengkapan,lengkap
peletakan,letak
peliberalan,liberal
perlombongan,lombong
pelonggaran,longgar
peluasan,luas
perlucutan,lucut
perlumpuran,lumpur
pelumuran,lumur
peluncuran,luncur
pelunturan,luntur
pelupusan,lupus
peluputan,luput
permaafan,maaf
permaduan,madu
pemajuan,maju
pemansuhan,mansuh
pemantapan,mantap
pemarkahan,markah
pemartaban,martab
permasalahan,masalah
pemasukan,masuk
pemasyhuran,masyhur
pemautan,maut
pemendakan,mendak
pemesinan,mesin
permesyuaratan,mesyuarat
pemeteraian,meterai
permintaan,minta
pemodelan,model
pemodenan,moden
pemotoran,motor
pemuafakatan,muafakat
pemusnahan,musnah
perongkosan,ongkos
perseorangan,seorang
pemadaman,padam
pemalsuan,palsu
pemanggangan,panggang
pemangkuan,pangku
perparitan,parit
pematuhan,patuh
pecahkan,pecah
pecahan,pecah
pecahbelahkan,pecah belah
pemecatan,pecat
pecutan,pecut
pedoman,pedoman
pedulikan,peduli
pejamkan,pejam
pekan,pekan
pekatkan,pekat
pekikan,pekik
pekojan,pekojan
pelan,pelan
pelawaan,pelawa
pelawan,lawan
pelesiran,lesir
peliharakan,pelihara
peliharaan,pelihara
pelimban,pelimban
perpeluhan,peluh
pelukan,peluk
pempan,pempan
pempopularan,popular
pendamkan,pendam
pendaman,pendam
peningkan,tingkat
penjarakan,penjara
pentaskan,pentas
pementasan,pentas
penuhkan,penuh
perahan,perah
peraman,peram
peran,perang
peranan,peranan
perangan,perang
peperangan,perang
perasan,perasan
perawan,perawan
perban,perban
perbankan,bank
percayakan,percaya
percikan,percik
perempuan,perempuan
perenggan,perenggan
pemergian,pergi
perhilitan,perhilitan
perian,perian
peperiksaan,periksa
peringgitan,ringgit
pemeringkatan,peringkat
perintahkan,perintah
perisian,perisian
perkosaan,perkosa
perlahan,perlahan
perlahankan,perlahan
perlian,perli
perlukan,perlu
permasan,permasan
peroman,roman
peruan,peruan
pesan,pesan
pemesan,pesan
pesatkan,pesat
peseban,seba
pesemendan,pesemendan
pesongkan,pesong
petan,petan
petarangan,tarang
petiban,petiban
petikan,petikan
petilan,petilan
petopan,top
pemilihan,pilih
perpisahan,pisah
pemuasan,puas
pemujaan,puja
pemulauan,pulau
pemulihan,pulih
pemunahan,punah
pemutihan,putih
perabungan,rabung
peracunan,racun
peragakan,raga
peragaan,raga
peragawan,raga
perasaan,rasa
perasaian,rasai
perasmian,rasmi
perayaan,raya
peremajaan,remaja
perencanaan,rencana
perincian,perincian
peringanan,ringan
peruasan,ruas
perumahkan,rumah
perumian,rumi
peruncitan,runcit
persahabatan,sahabat
persahajaan,sahaja
persajakan,sajak
persalahkan,salah
persamaan,sama
penyamakan,sama
persampahan,sampah
persatean,sate
persaudarakan,saudara
persaudaraan,saudara
persawahan,sawah
persejarahan,sejarah
persekutuan,sekutu
persekutukan,sekutu
perselisihan,selisih
persemadian,semadi
persemayaman,semayam
persempadan,sempadan
persendian,sendi
persengketaan,sengketa
persengketakan,sengketa
persenjataan,senjata
perseteruan,seteru
persetiaan,setia
persidangan,sidang
persijilan,sijil
persilakan,silak
persilatan,silat
persinggahan,singgah
persoalkan,soal
persuakan,sua
penyuburan,subur
persundalan,sundal
persyarikatan,syarikat
pertabalan,tabal
pertahan,tahan
pertandingkan,tanding
pertanggungjawabkan,tanggungjawab
pertanggungjawapan,tanggungjawab
pertanian,tani
pertanyaan,tanya
pertapaan,tapa
persetaraan,setara
pertaruhkan,taruh
pertarungkan,taruh
pertautkan,taut
pertautan,taut
perteguhkan,teguh
pertelagahan,telagah
pertelingkahan,telingkah
pertembungan,tembung
pertempuran,tempur
pertemukan,temu
pertemuan,temu
pertengahan,tengah
pertengkaran,tengkar
pertikaian,tikai
pertimbangkan,timbang
pertinjuan,tinju
pertolehan,toleh
pertontonkan,tonton
pertubuhan,tubuh
persetubuhan,tubuh
pertuduhan,tuduh
persetujuan,setuju
pertukangan,tukang
pertunjukan,tunjuk
peruntukan,untuk
peruntungan,untung
perusahaan,usaha
perwakilan,wakil
perwalian,wali
pewarnaan,warna
pewartaan,warta
pewasapan,wasap
perwatakan,watak
perwatasan,watas
pewujudan,wujud
berabang,abang
berada,berada
beradik,adik
beragama,agama
berpelajaran,ajar
beramuk,amuk
beranak,anak
beranggap,anggap
berasal,asal
berasas,asas
beratap,atap
beratur,atur
berperaturan,peraturan
berayah,ayah
berazam,azam
berbadan,badan
berbagai,bagai
berbahaya,bahaya
berbaik,baik
berbaju,baju
berbalas,balas
berbaling,baling
berbaloi,baloi
berbanding,banding
berbangsa,bangsa
berbantal,bantal
berbapa,bapa
berbasah,basah
berbatang,batang
berbatas,batas
berbekal,bekal
berbela,bela
bersebelah,sebelah
berbelanjalah,belanja
berbenak,benak
berbenteng,benteng
bera,bera
berabe,berabe
berahi,berahi
berai,berai
beraja,raja
berak,berak
berakah,berakah
beraksa,beraksa
beram,beram
berambang,ambang
berambi,ambi
berambung,ambung
berambur,berambur
beramin,beramin
beran,beran
berancai,berancai
beranda,beranda
berandal,berandal
berandang,berandang
berang,berang
berangan,angan
berangas,angas
berangasan,berangasan
berangsang,rangsang
berangta,berangta
berangus,berangus
berani,berani
beranta,beranta
berantuk,antuk
berapa,berapa
berarakan,rarak
beras,beras
berasnya,beras
beraso,beraso
berat,berat
beratnya,berat
beratkan,berat
bercak,bercak
bercat,cat
berdanur,danur
berdene,berdene
berdikari,dikari
berdus,berdus
berecak,berecak
berecek,berecek
berek,berek
bereke,bereke
bereksa,bereksa
beremban,beremban
berembang,berembang
berembas,berembas
berembau,berembau
beremi,beremi
berenas,berenas
berenga,berenga
berengau,berengau
berengut,berengut
berentang,berentang
berentuh,berentuh
berenuak,berenuak
bereo,bereo
berepas,berepas
bererot,rerot
beres,beres
bereskan,beres
beret,beret
berewok,berewok
bergajul,gajul
bergedel,bergedel
berguk,berguk
berhala,hala
beri,beri
beria,beria
beriang,riang
beriani,beriani
berida,berida
berik,berik
berilium,berilium
berinda,berinda
bering,bering
beringas,beringas
beringin,ingin
beringis,beringis
berisik,risik
berit,berit
berita,berita
beritakan,berita
beritahu,beritahu
beritahulah,beritahu
berkas,berkas
berkat,berkat
berkati,berkat
berkatilah,berkat
berkelium,kelium
berkik,berkik
berkil,berkil
berko,berko
berkuk,berkuk
berlian,berlian
berma,berma
bermat,bermat
bernam,bernam
bernas,bernas
beroci,beroci
beroga,beroga
beroi,beroi
berok,berok
berokna,berokna
berombong,berombong
berona,rona
berondong,berondong
berongsang,berongsang
berongsong,berongsong
beronok,beronok
berontak,berontak
beronyeh,beronyeh
berot,berot
beroti,beroti
bersat,bersat
bersia,bersia
bersih,bersih
bersihkan,bersih
bersil,bersil
bersin,bersin
bersit,bersit
bersut,bersut
bertam,bertam
bertas,bertas
bertih,bertih
bertuh,bertuh
beruang,beruang
beruas,beruas
berudu,berudu
berujul,berujul
beruk,beruk
berumbun,umbun
berumbung,berumbung
berunai,unai
berungut,ungut
berunsai,berunsai
beruntus,beruntus
berup,berup
berus,berus
berusnya,berus
berwari,wari
berzanji,zanji
berbetul,betul
berbibir,bibir
berbicara,bicara
berbimbing,bimbing
berbin,bin
berbini,bini
berbinti,binti
berbohong,bohong
berbuah,buah
berbudi,budi
berbuka,buka
berbunga,bunga
berbuntut,buntut
berbunuh,bunuh
berbunyi,bunyi
bercadar,cadar
bercampur,campur
berciciran,ciciran
bercinta,cinta
berciri,ciri
bercita,cita
bercuit,cuit
berdamai,damai
berdamping,damping
berdasar,dasar
berdatang,datang
berdaun,daun
berdekat,dekat
berderai,derai
berpendidikan,pendidikan
berdikit,dikit
berdinding,dinding
berdiri,diri
berpendirian,pendirian
berdoa,doa
berdosa,dosa
berdua,dua
berduit,duit
berdukung,dukung
berengkau,engkau
berentah,entah
berfatwa,fatwa
berfikir,fikir
bergadis,gadis
bergaji,gaji
bergamit,gamit
berganti,ganti
bergantung,gantung
bergaul,gaul
bergegar,gegar
bergelek,gelek
bergeleng,geleng
bergelimpangan,gelimpang
bergigit,gigit
bergilir,gilir
berguguran,gugur
berguling,guling
bergundik,gundik
berguru,guru
berhadir,hadir
berhakim,hakim
berhal,hal
berhantar,hantar
berhantuk,hantuk
berharap,harap
berharta,harta
berhasrat,hasrat
berhati,hati
berkehendak,hendak
berhenti,henti
berhentikan,henti
berhiliran,hilir
berhimpun,himpun
berhormat,hormat
berhubung,hubung
berhulu,hulu
beribadat,ibadat
beribu,ibu
beridentiti,identiti
berimaginasi,imaginasi
berimam,imam
beriman,iman
berinspirasi,inspirasi
berintensif,intensif
berinternet,internet
berinti,inti
beripar,ipar
beristeri,isteri
berjabat,jabat
berjangka,jangka
berjasa,jasa
berjatuh,jatuh
berjawab,jawab
berjawat,jawat
berjelapakan,jelapak
berjenis,jenis
berjiwa,jiwa
berjual,jual
berjuang,juang
berjudul,judul
berjumaat,jumaat
berjumbai,jumbai
berjumpa,jumpa
berkabung,kabung
berkabut,kabut
berkacau,kacau
berkakak,kakak
berkampaian,kampai
berkampung,kampung
berkamu,kamu
berkarakter,karakter
berkarier,karier
berkasih,kasih
berpengasihan,kasih
berkasut,kasut
berkata,kata
bersekatil,katil
berkaum,kaum
berkawan,kawan
berkejut,kejut
berkekalan,kekal
berkelanjaran,kelanjar
berkeledar,keledar
berkeliaran,keliar
berkelibangan,kelibang
berkelintaran,kelintar
berkeluarga,keluarga
berkembang,kembang
berkena,kena
berkeparan,kepar
berkeriapan,keriap
berkeriut,keriut
berketimbungan,ketimbung
berketuakan,ketua
berkiblat,kiblat
berkomplot,komplot
berkonsep,konsep
berkubu,kubu
berkucing,kucing
berkucupan,kucup
berkulaian,kulai
berkulit,kulit
berkumpul,kumpul
berkurang,kurang
berlain,lain
berlaki,laki
berlaku,laku
berkelakuan,laku
berlama,lama
berlambat,lambat
berlandas,landas
berlanggar,langgar
berlantaikan,lantai
berlara-lara,lara-lara
berlari,lari
berlatar,latar
berlatarbelakangkan,latar belakang
berlauk,lauk
berlawan,lawan
berlebih,lebih
berlempaian,lempai
berlogo,logo
berloncat,loncat
berluka,luka
berkelulusan,lulus
berluruhan,luruh
berselurus,lurus
bermaaf,maaf
berkemahuan,mahu
bermalam,malam
bermaruah,maruah
bermati,mati
bermatlamat,matlamat
bermenantu,menantu
bermesyuarat,mesyuarat
bermimpi,mimpi
berminat,minat
berminggu,minggu
bermisai,misai
bermodalkan,modal
bermodelkan,model
bermotif,motif
bermuka,muka
bermulut,mulut
bermunculan,muncul
bermuncung,muncung
bermuridkan,murid
bermusuh,musuh
bernama,nama
bernasi,nasi
bernasib,nasib
bernegeri,negeri
bernovel,novel
berobjektif,objektif
beroleh,oleh
berorang,orang
berseorang,seorang
berorientasi,orientasi
berpada,pada
berpadan,padan
berkepadatan,padat
berpagar,pagar
berpakai,pakai
berpalu,palu
berpanas,panas
berpancaran,pancar
berpandang,pandang
berpandu,pandu
berpangku,pangku
berpapasan,papas
berpasang,pasang
berpatutan,patut
berpedoman,pedoman
berpegang,pegang
berpelamin,pelamin
berpelantingan,pelanting
berpeluk,peluk
berpenghulukan,hulu
berperenggankan,perenggan
berpergian,pergi
berperibadi,peribadi
berkeperibadian,peribadi
berperut,perut
berpesan,pesan
berpiawai,piawai
berpilih,pilih
berpistol,pistol
berpoket,poket
berprinsip,prinsip
berpuas,puas
bersepupu,sepupu
berputera,putera
berputih,putih
berkerajaan,raja
berangka,angka
berapat,rapat
berperasaan,rasa
bereda,reda
berencetan,rencet
berenyaian,renyai
beresah,resah
beriba,riba
berisiko,risiko
beroda,roda
berosak,rosak
berotan,rotan
berugi,rugi
berumah,rumah
berumahtangga,rumah tangga
berupa,rupa
bersahabat,sahabat
bersahutan,sahut
bersaing,saing
bersakit,sakit
bersaksi,saksi
bersalah,salah
bersama,sama
bersambung,sambung
bersambut,sambut
bersamping,samping
bersangat,sangat
bersanggul,sanggul
bersantap,santap
bersapa,sapa
berpersatuan,satu
bersatupadu,satu padu
bersaudara,saudara
berpesawat,pesawat
bersayang,sayang
bersedia,sedia
bersekolah,sekolah
berselampitkan,selampit
berselekeh,selekeh
berselendang,selendang
berseluar,seluar
bersemangat,semangat
bersembahyang,sembahyang
bersemboyankan,semboyan
bersempadan,sempadan
bersempit,sempit
bersenang,senang
bersendengan,sendeng
bersengaja,sengaja
bersenjata,senjata
bersentosa,sentosa
bersepai,sepai
berseronok,seronok
bersetia,setia
bersidaian,sidai
bersifat,sifat
bersila,sila
bersimpan,simpan
bersiwak,siwak
berstatus,status
bersuami,suami
berkesudahan,sudah
bersuka,suka
bersukacita,suka cita
bersukan,sukan
bersumber,sumber
bersurai,surai
bersusah,susah
bersyair,syair
bersyarah,syarah
bertabah,tabah
bertabiat,tabiat
bertahu,tahu
berpengetahuan,tahu
bertanah,tanah
bertandatangan,tanda tangan
bertandu,tandu
bertanduk,tanduk
bertangkap,tangkap
bertaruh,taruh
bertatahkan,tatah
bertaubat,taubat
bertaut,taut
bertawar,tawar
bertebaran,tebaran
bertelefon,telefon
bertema,tema
berteman,teman
bertempiaran,tempiar
bertendang,tendang
bertengkaran,tengkar
bertentukan,tentut
berteori,teori
bertepi,tepi
berterbangan,terbang
bertilam,tilam
bertimbulan,timbul
bertindak,tindak
bertindih,tindih
bertirai,tirai
bertopeng,topeng
bertuan,tuan
bertuang,tuang
bertuhan,tuhan
bertukar,tukar
bertulang,tulang
bertulisan,tulis
bertumbuk,tumbuk
bertunjang,tunjang
berketurunan,keturunan
berukir,ukir
berulan,ulan
berurus,urus
berusia,usia
berusung,usung
berwadahkan,wadah
berwajah,wajah
berwajaran,wajar
berwajib,wajib
berkewajipan,wajib
berwang,wang
berwasiat,wasiat
berperwatakan,watak
berwawasan,wawasan
mengabah,abah
mengabjadkan,abjad
mengabsahkan,absah
mengabstrakkan,abstrak
mengabu,abu
mengaci,aci
mengacuhkan,acuh
mengacung,acung
mengada,ada
mengadap,adap
mengagakan,aga
mengair,air
mengajaibkan,ajaib
mengakali,akali
mengakikahkan,akikah
mengakrabkan,akrab
mengaku,aku
mengakuri,akur
mengalir,alir
mengamankan,aman
mengampai,ampai
mengampu,ampu
mengampuhkan,ampuh
mengamuk,amuk
mengancamkan,ancam
mengandaskan,kandas
menganduh,anduh
menganehkan,aneh
menganggotai,anggota
mengangka,angka
menganiaya,aniaya
mengansur,ansur
mengantara,antara
menganugerahi,anugerah
mengapa,mengapa
mengaplikasikannya,aplikasi
mengarang,karang
mengarcakan,arca
mengarifkan,arif
mengarwahkan,arwah
mengasa,asa
mengasak,asak
mengasam,asam
mengasap,asap
mengasaskan,asas
mengasid,asid
mengasimilasikan,asimilasi
mengasyikkan,asyik
mengatap,atap
mengataskan,atas
mengawamkan,awam
mengawet,awet
mengazabkan,azab
mengazab,azab
mengecam,kecam
mengeksport,eksport
mengembun,embun
mengempukkan,empuk
mengenakkan,enak
mengendahkan,endah
mengenggankan,enggan
mengerti,erti
mengesakan,esa
mengesokkan,esok
menggaduh,gaduh
menggaji,gaji
menggalang,menggalang
menggamit,gamit
mengganjak,ganjak
mengganjil,ganjil
menggantung,gantung
menggaram,garam
menggatalkan,gatal
menggayutkan,gayut
menggelakkan,gelak
menggelarkan,gelar
menggeli,geli
menggelisah,gelisah
menggelora,gelora
menggelung,gelung
menggema,gema
menggembala,gembala
menggembirakan,gembira
menggemukkan,gemuk
menggenang,genang
menggenapi,genapi
menggendalakan,gendala
menggenggam,genggam
menggeram,geram
menggerbang,gerbang
menggertak,gertak
menggerunkan,gerun
menggeser,geser
menggetar,getar
mengghaibkan,ghaib
mengghairahkan,ghairah
menggigil,gigil
menggilai,gilai
menggiling,giling
menggirangkan,girang
menggiurkan,giur
menggondolkan,gondol
menggoyahkan,goyah
menggredkan,gred
menggugupkan,gugup
menggula,gula
menggulai,gulai
menggulung,gulung
menggundahkan,gundah
menggusari,gusari
menghabakan,haba
menghablur,hablur
menghadamkan,hadam
menghadiahi,hadiah
menghakimi,hakim
menghakimkan,hakim
menghakis,hakis
menghalang,halang
menghambur,hambur
menghamilkan,hamil
menghampari,hampar
menghangitkan,hangit
menghantu,hantu
menghanyirkan,hanyir
mengharmonikan,harmoni
mengharu,haru
mengharum,harum
menghauskan,haus
menghayunnya,hayun
menghelah,helah
menghemat,hemat
menghembalang,hembalang
menghempap,hempap
menghempas,hempas
menghendaki,hendak
menghendap,hendap
mengheningkan,hening
menghenyak,henyak
mengheret,heret
menghibakan,hiba
menghidap,hidap
menghidayatkan,hidayat
menghidu,hidu
menghidupi,hidup
menghikayatkan,hikayat
menghikmat,hikmat
menghilir,hilir
menghingari,hingar
menghinggapi,hinggap
menghisap,hisap
menghitamputihkan,hitam putih
menghitungi,hitung
menghonarkan,honar
hujan angin,hujananginkan
hujan panas,hujanpanaskan
menghulu,hulu
menghuni,huni
menghunjam,hunjam
menghunus,hunus
menghuraikannya,hurai
menghutan,hutan
menghutangkan,hutang
mengiakan,ia
mengidah,idah
mengijabkan,ijab
mengikhlaskan,ikhlas
mengikhtisarkan,ikhtisar
mengiktiraf,iktiraf
mengilham,ilham
mengimami,imam
mengimankan,iman
mengimbal,imbal
mengimbas,imbas
mengimbuh,imbuh
mengimplementasikan,implementasi
mengindustrikan,industri
mengingininya,ingin
menginjakkan,injak
menginsafkan,insaf
menginsafi,insaf
mengintensifkan,intensif
menginterpretasi,interpretasi
mengiramakan,irama
mengiringinya,iring
mengisbatkan,isbat
mengistiadatkan,istiadat
mengistimewakan,istimewa
mengistirahatkan,istirahat
mengisyaratkan,isyarat
mengabutkan,kabut
mengkafani,kafan
mengagetkan,kaget
mengagumkan,kagum
mengahwinkannya,kahwin
mengahwini,kahwin
mengajangi,kajang
mengalah,kalah
mengalutkan,kalut
mengampaikan,ampai
mengampungkan,ampung
mengamuskan,amus
menganan,kanan
mengancing,kancing
mengandang,kandang
mengandar,kandar
mengandung,kandung
mengangkang,kangkang
mengantuk,mengantuk
mengantungkan,kantung
mengkanunkan,kanun
mengapalkan,kapal
mengkaparkan,kapar
mengapit,kapit
mengapur,kapur
mengaram,aram
mengarat,karat
mengaribkan,karib
mengaribi,karib
mengartukan,kartu
mengasadkan,kasad
mengasarkan,kasar
mengasih,kasih
mengasihani,kasih
mengasihankan,kasih
mengata,kata
mengaulkan,kaul
mengawal,kawal
mengawan,mengawan
mengawatkan,kawat
mengebas,kebas
mengebut,kebut
mengecek,kecek
mengecewakan,kecewa
mengecoh,kecoh
mengecup,kecup
mengedaikan,kedai
mengedipkan,kedip
mengedut,kedut
mengejam,pejam
mengejang,kejang
mengejapkan,kejap
mengejar,kejar
mengeji,keji
mengejut,kejut
mengekal,kekal
mengelabui,kelabu
mengelamkan,kelam
mengelapkan,lap
mengelati,kelat
mengelebetkan,kelebet
mengelikkan,kelik
mengelilingkan,keliling
mengelilinginya,keliling
mengelokkan,kelok
mengelompokkan,kelompok
mengelukan,kelu
mengeluar,keluar
mengelubungi,kelubung
mengeluh,keluh
mengelupas,kelupas
mengemasi,kemas
mengemaskini,kemas
mengembari,kembar
mengembung,kembung
mengena,kena
mengenal,kenal
mengenalpasti,kenal pasti
mengenang,kenang
mengencang,kencang
mengencingi,kencing
mengendurikan,kenduri
mengentalkan,kental
mengentutkan,kentut
mengenyangkan,kenyang
mengenyitkan,kenyit
mengepalkan,kepal
mengepala,kepala
mengepukkan,kepuk
mengepulkan,kepul
mengerapkan,kerap
mengerapi,kerap
mengerasi,keras
mengeringi,kering
mengeringatkan,keringat
mengeriting,keriting
mengerjai,kerja
mengeroncongkan,keroncong
mengerubungi,kerubung
mengerubuti,kerubut
mengerudungi,kerudung
mengerukkan,keruk
mengerumukkan,kerumuk
mengerumunkan,kerumun
mengerumuni,kerumun
mengerutungi,kerutung
mengesankan,kesan
mengesatnya,kesat
mengesotkan,kesot
mengetam,ketam
mengetap,ketap
mengetawai,ketawa
mengeteng,keteng
mengetuakan,ketua
mengetulkan,ketul
mengkhasiati,khasiat
mengkhianatkan,khianat
mengkhidmati,khidmati
mengkhutbahkan,khutbah
mengialkan,kial
mengiasi,kias
mengiblatkan,kiblat
mengidung,kidung
mengilangkan,kilang
mengirai,kirai
mengiri,kiri
mengirimi,kirim
mengisutkan,kisut
mengitar,kitar
mengocakkan,kocak
mengkolektifkan,kolektif
mengomakan,koma
mengkomputerkan,komputer
mengongkongi,kongkong
mengonon,konon
mengkonsolidasikan,konsolidasi
mengopek,kopek
mengkordinasikan,kordinasi
mengkorporatkan,korporat
mengosongkannya,kosong
mengotori,kotor
mengoyak,koyak
menguak,kuak
menguasainya,kuasa
menguasakan,kuasa
mengubur,kubur
mengucupkan,kucup
mengudung,kudung
menguduskan,kudus
mengkufurkan,kufur
menguis,kuis
menguit,kuit
mengukuhi,kukuh
mengulit,ulit
mengumandangkan,kumandang
mengumuhkan,kumuh
menguncup,kuncup
mengunjunginya,kunjung
mengunyahkan,kunyah
mengurus,urus
mengusut,usut
mengutipnya,kutip
mengutuki,kutuk
mengah,mengah
mengkal,mengkal
mengkarung,mengkarung
mengkelan,kelan
mengkis,mengkis
mengkuang,mengkuang
mengkudu,mengkudu
menganga,nganga
mengerikan,ngeri
mengenyahkan,nyah
mengobor,obor
mengoksidakan,oksida
mengoksigenkan,oksigen
mengolekkan,olek
mengoles,oles
mengomel,omel
mengomong,omong
mengonarkan,onar
mengoperasi,operasi
mengorganisasi,organisasi
mengorientasikan,orientasi
mengqada,qada
mengesah,sah
mengesyak,syak
mengesyorkan,syor
mengenepikan,tepi
menganaktirikan,anak tiri
mengubah,ubah
mengudarakan,udara
mengujarkan,ujar
mengujinya,uji
mengukirnya,ukir
mengupahi,upah
mengupayakan,upaya
menguras,uras
mengurusnya,urus
menguruskannya,urus
mengusai,usai
mengusap,usap
mengusirnya,usir
mengusungnya,usung
mengutuhkan,utuh
menguzurkan,uzur
mengewap,wap
menggolkan,gol
menghakkan,hak
menghakmilikkan,hakmilik
menghujananginkan,hujan angin
menghujanpanaskan,hujan panas
mengijabkabulkan,ijabkabul
mengembangbiakkan,kembang biak
mengiyakan,iya
memperadik,adik
memperakukan,aku
memperanakkan,anak
memperapitkan,apit
memperbadan,badan
memperbagaikan,bagai
memperbini,bini
memperbudak,budak
memperbudikan,budi
mempercekap,cekap
memperdahsyat,dahsyat
memperdaya,daya
mempergantungi,gantung
memperhatikan,hati
memperhumai,humai
memperisteri,isteri
memperjerihkan,jerih
memperjualbelikan,jual beli
memperkawan,kawan
memperkebuni,kebun
memperkejikan,keji
memperkelahikan,kelahi
memperkenankan,kenan
memperladang,ladang
memperlainkan,lain
memperlaki,laki
memperlambangkan,lambang
memperlawankan,lawan
memperlunak,lunak
mempermadukan,madu
memperoleh,oleh
memperingkatkan,peringkat
memperkakas,kakas
memperkarakan,perkara
memperkasa,perkasa
memperli,perli
memperapat,rapat
memperasakan,rasa
memperenggang,renggang
mempersahabatkan,sahabat
mempersama,sama
mempersandang,sandang
memperselukkan,seluk
mempersendakannya,senda
mempersilakannya,sila
mempersingkat,singkat
mempersuami,suami
mempertebar,tebar
mempertikaikannya,tikai
mempertunggang,tunggang
memperturun,turun
memperyahudikan,yahudi
terpelajar,pelajar
terbaca,baca
terbaik,baik
terbalikkan,balik
terbaru,baru
terbawa,bawa
terkebawah,bawah
terbeban,beban
terbela,bela
terbelakang,belakang
terkebelakang,belakang
terbeli,beli
terbersih,bersih
terbiar,biar
terbiasa,biasa
terbuka,buka
terbukti,bukti
terbunuh,bunuh
tercapai,capai
tercatat,catat
tercinta,cinta
terpedaya,pedaya
terdiri,diri
terfikir,fikir
tergamak,gamak
tergelek,gelek
tergenggam,genggam
tergoda,goda
terhadap,hadap
terhairan,hairan
terhalang,halang
terhantar,hantar
terharap,harap
terharu,haru
terhasrat,hasrat
terhenti,henti
terhibur,hibur
terhormat,hormat
terjual,jual
terjumpa,jumpa
terkabul,kabul
terkalahkan,kalah
terkanan,kanan
terkata,kata
terkejut,kejut
terkembari,kembar
terkemudian,kemudian
terkena,kena
terkepung,kepung
terkiri,kiri
terkubu,kubu
terlaksana,laksana
terlalu,lalu
terbelangah,belangah
terlanjurkan,lanjur
terpelanting,pelanting
terlara-lara,lara-lara
terlari,lari
terlintang,lintang
terluah,luah
terluka,luka
termakbul,makbul
termasuk,masuk
termesti,mesti
termilik,milik
termimpi,mimpi
terminum,minum
termiskin,miskin
terkemuka,kemuka
ternama,nama
ternanti,nanti
ternilai,nilai
terpada,pada
terpakai,pakai
terimapakai,terimapakai
terpaksa,paksa
terpandang,pandang
terpapar,papar
terpegang,pegang
terpeluk,peluk
terpenting,penting
terperi,peri
terpinta,pinta
terpuji,puji
terancang,rancang
terserandung,serandung
terayap,rayap
terentang,rentang
tersakat,sakat
tersalah,salah
tersampai,sampai
tersampuk,sampuk
tersapa,sapa
tersayang,sayang
tersebut,sebut
tersedia,sedia
tersengal,sengal
tersenyum,senyum
tersilau,silau
tersindir,sindir
tersisip,sisip
tertabur,tabur
tertahan,tahan
tertawakan,tawa
tera,tera
terakan,akan
teraan,teraan
teracak,teracak
terada,ada
teradang,teradang
terajam,terajam
terajang,terajang
teraju,teraju
terajui,teraju
terak,terak
terakup,terakup
teral,teral
terala,terala
teraling,teraling
teran,teran
teranas,teranas
terang,terang
terangi,terang
terangkan,terang
terangan,terang
terangnya,terang
terangkik,terangkik
terantai,terantai
terap,terap
terapkan,terap
terapan,terap
terapai,terap
terapi,terapi
teras,teras
terasi,terasi
terasul,terasul
teratai,teratai
teratak,teratak
teratu,teratu
terau,terau
terawang,terawang
terazo,terazo
terbak,terbak
terban,terban
terbang,terbang
terbangkan,terbang
terbis,terbis
terbit,terbit
terbitnya,terbit
terbitlah,terbit
terbitkan,terbit
terbitan,terbit
terbul,terbul
terbus,terbus
terbut,terbut
teremal,teremal
terembesi,terembesi
terenang,terenang
terendak,terendak
teres,teres
teri,teri
teriak,teriak
teriakkan,teriak
teriang,teriang
teriba,teriba
terigu,terigu
terik,terik
teriko,teriko
terilin,terilin
terima,terima
terimanya,terima
terimalah,terima
terimba,terimba
teringkit,teringkit
teripang,teripang
terista,terista
teriti,teriti
teritik,teritik
teritip,teritip
terjah,terjah
terjahan,terjah
terjal,terjal
terjang,terjang
terjemah,terjemah
terjemahkan,terjemah
terjemahan,terjemah
terjun,terjun
terjunan,terjun
terka,terka
terkam,terkam
terkaman,terkam
terkap,terkap
terkerlap,kerlap
terkul,terkul
terkup,terkup
terlak,terlak
terma,terma
terminal,terminal
termograf,termograf
termometer,termometer
termoplastik,termoplastik
termos,termos
termostat,termostat
ternak,ternak
ternakan,ternak
terobos,terobos
terok,terok
teroka,teroka
terokai,teroka
teromasa,teromasa
teromba,teromba
teromol,teromol
terompah,terompah
terongko,terongko
teronok,teronok
teropong,teropong
terowong,terowong
terpa,terpa
terpaan,terpa
terpal,terpal
terpas,terpas
terperongo,perongo
terpersil,persil
tertiari,tertiari
tertib,tertib
teruah,teruah
terubin,terubin
terubuk,terubuk
terubul,terubul
terubung,terubung
teruk,teruk
terum,terum
terumbu,terumbu
terumbuh,terumbuh
teruna,teruna
terung,terung
teruntum,teruntum
terup,terup
terus,terus
teruskan,terus
terusan,terus
teruslah,terus
terusi,terus
terutup,terutup
terwelu,terwelu
tertidur,tidur
tertinggi,tinggi
tertipu,tipu
tertunggang,tunggang
terubat,ubat
teruji,uji
diperakukan,aku
diakuri,akur
diperanakkan,anak
dianggotai,anggota
dianiaya,aniaya
dianugerahi,anugerah
diapa,apa
diasaskan,asas
diawet,awet
dibabakkan,babak
dibaca,baca
diperbadan,badan
dibaik,baik
dibaikpulih,baik pulih
dibalut,balut
dibanjiri,banjir
dibanterasnya,banteras
dibarisi,baris
dibasahi,basah
dibatasi,batas
dibataskan,batas
dibaurkan,baur
dibayar,bayar
dibedal,bedal
dibeginikan,begini
dibegitukan,begitu
dibelenggui,belenggu
dibenar,benar
dibengisi,bengis
dibentangi,bentang
diberahikan,berahi
diberi,beri
diberkas,berkas
diberkati,berkat
diberkatiNya,berkat
dibetuli,betul
dibiakkan,biak
dibiar,biar
dibiayakan,biaya
dibimbangkan,bimbang
dibimbing,bimbing
diperbini,bini
dibintangi,bintang
dibohongi,bohong
dibolehkan,boleh
dibolosi,bolos
diboncengnya,bonceng
dibonekakan,boneka
diborong,borong
dibubuh,bubuh
diperbudak,budak
dibuka,buka
dibuli,buli
dibumbui,bumbu
dibungai,bungai
dibuntingkan,bunting
dibunuh,bunuh
diburukkan,buruk
dibusukkan,busuk
dicabuli,cabul
dicabut,cabut
dicacak,cacak
dicacat,cacat
dicam,cam
dicandui,candu
dicapai,capai
dicaskan,cas
dicatat,catat
dicebikkan,cebik
diceburi,cebur
dicemar,cemar
dicemburui,cemburu
dicemuh,cemuh
dicengkam,cengkam
dicereweti,cerewet
dicergaskan,cergas
diceroboh,ceroboh
dicintai,cinta
dicita,cita
dicorakkan,corak
dicuaikan,cuai
dicuba,cuba
dicucuh,cucuh
dicucuri,cucur
didamparkan,dampar
didampingi,damping
didandan,dandan
didasarkan,dasar
didatangi,datang
didatangkan,datang
didatarkan,datar
diperdaya,perdaya
didebitkan,debit
didereti,deret
dideretkan,deret
di,di
dia,dia
diabetes,diabetes
diafragma,diafragma
diagnosa,diagnosa
diagnosis,diagnosis
diagnostik,diagnostik
diakoni,diakoni
diakronik,diakronik
dialek,dialek
dialektik,dialektik
dialisis,dialisis
dialog,dialog
dialognya,dialog
diam,diam
diamlah,diam
diamnya,diam
diami,diami
diamkan,diam
diameter,diameter
dian,dian
diang,diang
diari,diari
diat,diat
diatkan,diat
diayah,diayah
dibaja,baja
didaktik,didaktik
didal,didal
didih,dih
didihkan,didih
didik,didik
didikan,didik
didis,didis
diesel,diesel
diet,diet
dietnya,diet
dif,dif
difteria,difteria
diftong,diftong
digit,digit
digital,digital
dikara,dikara
dikau,dikau
dikir,dikir
dikit,dikit
diksa,diksa
diktator,diktator
dil,dil
dila,dila
dilah,dilah
dilam,dilam
dilema,dilema
dim,dim
dimensi,dimensi
dinamik,dinamik
dinamika,dinamika
dinamit,dinamit
dinamo,dinamo
dinar,dinar
dinas,dinas
dinasti,dinasti
dinda,dinda
dinding,dinding
dindingnya,dinding
ding,ding
dingin,dingin
didinginkan,dingin
dinginbeku,dingin beku
dinginbekukan,dingin beku
dingkis,dingkis
dingkit,dingkit
dini,dini
dinihari,dinihari
dinosaur,dinosaur
dioksida,dioksida
dioksin,dioksin
dipan,dipan
dipati,dipati
diploma,diploma
diplomanya,diploma
diplomasi,diplomasi
diplomat,diplomat
diplomatik,diplomatik
direktori,direktori
dirgahayu,dirgahayu
dirham,dirham
diri,diri
dirikan,diri
diris,diris
dirus,dirus
disenteri,disenteri
disertasi,disertasi
disiplin,disiplin
disiplinkan,disiplin
disiplinnya,disiplin
diskaun,diskaun
disko,disko
diskotek,diskotek
diskriminasi,diskriminasi
didiskriminasikan,diskriminasi
diskusi,diskusi
didiskusikan,diskusi
dispensari,dispensari
distribusi,distribusi
dito,dito
dius,dius
dividen,dividen
divisyen,divisyen
diwangsa,diwangsa
didoakan,doa
didominasikan,dominasi
didongengkan,dongeng
didorong,dorong
didukuni,dukun
dielektronikkan,elektronik
dienakkan,enak
diendahkan,endah
diertikan,erti
difanakan,fana
difatwa,fatwa
difikir,fikir
difilemkan,filem
digaduhkan,gaduh
digaji,gaji
digalang,galang
digantung,gantung
dipergantungi,gantung
digenangi,genang
digenggam,genggam
digertak,gertak
digeruni,gerun
digilai,gila
digondolkan,gondol
digredkan,gred
digulaikan,gulai
digulung,gulung
digusari,gusar
dihadamkan,hadam
dihakimi,hakim
dihakiskan,hakis
dihambur,hambur
dihampari,hampar
dihantui,hantu
diharu,haru
dihayunnya,hayun
dihempap,hempap
dihempas,hempas
diheningkan,hening
diheret,heret
dihibakan,hiba
dihidu,hidu
dihidupi,hidup
dihikayatkan,hikayat
dihinggapi,hinggap
dihisap,hisap
dihuni,huni
dihunjam,hunjam
dihutankan,hutan
diijabkabulkan,ijab kabul
diiktiraf,iktiraf
diilhamkan,ilham
diimplementasikan,implementasi
diingininya,ingin
diinterpretasi,interpretasi
diperisteri,isteri
diistimewakan,istimewa
diisyaratkan,isyarat
dijaja,jaja
dijamah,jamah
dijamak,jamak
dijangkiti,jangkit
dijauhkannya,jauh
dijauhinya,jauh
dijelajah,jelajah
dijemba,jemba
dijemput,jemput
dijilat,jilat
dijual,jual
dijudikan,judi
dijumpai,jumpa
dijunamkan,junam
dijurus,jurus
dikafani,kafan
dikahwini,kahwin
dikaitkan,kait
dikajangi,kajang
dikalahkan,kalah
dikandung,kandung
dikanunkan,kanun
dikaparkan,kapar
dikasadkan,kasad
dikasihi,kasih
dikata,kata
dikaulkan,kaul
dikawal,kawal
dikawatkan,kawat
dikebas,kebas
dikecohkan,kecoh
dikecupi,kecup
dikedaikan,kedai
dikejapkan,kejap
dikejar,kejar
diperkejikan,keji
dikejut,kejut
dikekal,kekal
dikeluari,keluar
dikemaskini,kemas kini
dikenakan,kena
dikenalpasti,kenal pasti
dikenang,kenang
dikencangkan,kencang
dikendurikan,kenduri
dikepalai,kepala
dikerasi,keras
dikerubungi,kerubung
dikerumuni,kerumun
dikerumunkan,kerumun
dikhidmati,khidmat
dikhutbahkan,khutbah
dikilang,kilang
dikirikan,kiri
dikomputerkan,komputer
dikopek,kopek
dikorporatkan,korporat
dikotorkan,kotor
dikoyak,koyak
dikuak,kuak
dikuasainya,kuasa
dikuasakan,kuasa
dikuiskan,kuis
dikukuhi,kukuh
dikumandangkan,kumandang
dikumuhkan,kumuh
dikunjunginya,kunjung
dikursus,kursus
diperladangkan,ladang
dilagakkan,lagak
dilagukan,lagu
dilahirkan,lahir
dilanggar,langgar
dilangkah,langkah
dilapik,lapik
dilapisi,lapisi
dilautkan,laut
dilawan,lawan
dilayan,layan
dilayur,layur
diledak,ledak
dilekat,lekat
dilencongkan,lencong
dilengkungi,lengkung
dilentur,lentur
dilepasi,lepas
dilihat,lihat
dilimpahi,limpah
dilingkarkan,lingkar
dilingkari,lingkar
dilingkungi,lingkung
dilingkupi,lingkup
diliputi,liput
dilitupi,litup
dilonggari,longgar
dilorongkan,lorong
dilubangkan,lubang
dilubangi,lubang
dilucuti,lucut
diludah,ludah
dilukai,luka
dilunturkan,luntur
dimadu,madu
dipermadukan,madu
dimahkotakan,mahkota
dimahukan,mahu
dipermainnya,main
dimakamkan,makam
dimakan,makan
dimarah,marah
dimarakkan,marak
dimasuki,masuk
dimasyarakatkan,masyarakat
dimatangkan,matang
dimerahi,merah
dimesyuaratkan,mesyuarat
diminati,minat
dimiringkan,miring
dimuat,muat
dimudahkan,mudah
dimuktamadkan,muktamad
dinaik,naik
dinaiktaraf,naiktaraf
dinanti,nanti
dinaskan,nas
dinasihati,nasihat
dinaungi,naung
dinobatkan,nobat
dinodai,noda
dinomborkan,nombor
dioperasi,operasi
diorganisasikan,organisasi
diorientasikan,orientasi
dipacu,pacu
dipadakan,pada
dipadankan,padan
dipadatkan,padat
dipagar,pagar
dipajak,pajak
dipakai,pakai
dipaksa,paksa
dipanaskan,panas
dipandang,pandang
dipanjat,panjat
dipantangkan,pantang
dipantaskan,pantas
dipantau,pantau
dipantunkan,pantun
dipapar,papar
dipasung,pasung
dipatuk,patuk
dipecat,pecat
dipecut,pecut
dipegang,pegang
dipencilkan,pencil
dipentingkan,penting
dipercikkan,percik
diperingkatkan,peringkat
diperkasa,perkasa
diperlukan,perlu
dipertamakan,pertama
dipesan,pesan
dipesonakan,pesona
dipetik,petik
dipikul,pikul
dipimpin,pimpin
dipinggiri,pinggir
dipinjam,pinjam
dipinta,pinta
diposkan,pos
dipropagandakan,propaganda
dipukaunya,pukau
dipulas,pulas
dipunyai,punya
dipusakai,pusaka
dipusakakan,pusaka
diputarbalikkan,putarbalik
diputarbelitkan,putarbelit
diputerakan,putera
diputihkan,putih
diraba,raba
dirahmati,rahmat
dirahmatiNya,rahmati
dirajah,rajah
dirakamnya,rakam
dirampas,rampas
dirancang,rancang
diserasikan,serasi
dirasuki,rasuk
diratakan,rata
dirawat,rawat
dirayakan,raya
direbahkan,rebah
direbak,rebak
direbut,rebut
diregang,regang
direjam,rejam
direlai,rela
direnang,renang
dirimbunkan,rimbun
dirindu,rindu
diringgiti,ringgit
dirisaukan,risau
dirugikan,rugi
dirujuk,rujuk
dirukunkan,rukun
diserumahkan,serumah
diruncing,runcing
diruntuh,runtuh
diruntun,runtun
dirunuti,runut
dirupakan,rupa
diserupakan,rupa
dirusuhkan,rusuh
disah,sah
disalah,salah
disalibkan,salib
dipersama,sama
disayang,sayang
disebabkannya,sebab
diseka,seka
diselalukan,selalu
diselaput,selaput
disemayamkan,semayam
disenaraihitam,senaraihitam
disentap,sentap
disepadu,sepadu
disiang,siang
disimbolkan,simbol
disinggahi,singgah
disisip,sisip
diskripkan,skrip
disungutkan,sungut
disusut,susut
disyaki,syak
ditajamkan,tajam
ditakhtakan,takhta
ditakluk,takluk
ditambat,tambat
ditanggapi,tanggap
ditangkis,tangkis
ditawar,tawar
diteduhi,teduh
ditempel,tempel
ditenggelami,tenggelam
ditentang,tentang
dipertikaikannya,pertikai
ditikam,tikam
ditimbun,timbun
ditindan,tindan
dianaktirikan,anaktiri
dititahkan,titah
ditumangkan,tumang
ditumbuhi,tumbuh
ditumpanginya,tumpang
ditunggang,tunggang
dituruninya,turun
diturutinya,turut
diujinya,uji
diukirnya,ukir
diupahi,upah
diurusnya,urus
diuruskannya,urus
diusap,usap
diusirnya,usir
diusungnya,usung
diwakilinya,wakil
diwarnainya,warna
diwartakannya,warta
diyakini,yakin
